Strategy,Data-as-a-Service,Information-as-a-Service,Answers-as-a-Service,Reduce-cost,Data Network,Data Wrapping,Servitization,Data Bartering,Share-for-free,Data Platform Operator,Data Platform Refiner,New Products / Services,,,,,,,Column24,Column25,Column26
Who is my customer? ,"Direct buyers, third-party firms, data aggregators, businesses, advertisers, marketing agencies","Academic Researchers, Market Researchers,Corporate Analysts,  Industry Analysts, Consultants, Government Agencies","Individual users and customers, Customers seeking specific answers, Data consumers, Businesses","Analysts, Operations managers (Financial Managers, Procurement Managers, HR Managers, IT Managers, Project Managers)*","Business partners, third parties (including data vendors, strategic alliances, and technology partners)","advertisers, Marketers,e-commerce businesses","service engineers, Product developers","Business partners, data analysts, Researchers","General public,Researchers","developers, Platform users, Data analysts","developers, Manufacturing companies, and Specialized industry partners","End-users, Business clients, Product developers, R&D teams",,,,,,,,,
What do I offer? ,Raw datasets,"Data insights, visualizations, API Access","Specific insights and solutions, Personalized data insights, Tailored and customized solutions, precise answers",Cost reduction through process improvement (Waste reduction by eliminating unnecessary processes )*,"Integrated data networks, collaborative data solutions","Enhanced data products, Enhanced data presentation, value-added data services",Integrated product-service solutions,"Data exchange services, consulting service",Free access to data,A platform for data exchange and application development,"refined data sets, Enhanced data services","Innovative data-driven products, Customized services, and Solutions based on data insights",,,,,,,,,
How do I obtain my data?,"Internal and external data sources, purchased data, aggregated data, proprietary data, Open Data","Processed data, Internal data sources, Processed data from internal sources, Internal and external data sources, external data partnerships","User-submitted queries, Internal databases, User-provided data, External data sources, Customer data","Internal (Operational , Financial , supply chain) data (Customer feedback)*","Data partnerships, shared data sources","Internal data, Processed data from various sources, customer data","Product usage data, customer feedback",Data sharing agreements,"open data initiatives, Public data sources","third-party data sources, User-generated content, partnerships with data providers, Aggregating Data Sources","third-party data sources, User-generated content","Market research, customer feedback, Internal data",,,,,,,,,
Which analysis methods can I use? ,"Data cleaning, data aggregation, data formatting, metadata tagging, data anonymization","Data visualization, Data analytics, statistical analysis","Machine learning, Query algorithms, NLP, Data analysis, Data mining, Statistical analysis, Predictive modeling","process optimization, Operational analytics","Network analysis, data integration,predictive analytics","Data visualization, Data packaging, data packaging, data bundling","Service performance analysis, product lifecycle analysis",Analytical processing and data integration,"Basic data analysis, data visualization","Data aggregation, trend analysis, Predictive analytics", Advanced Data Cleaning and Enrichment Tools,"market trend analysis, Product development analysis",,,,,,,,,
Which internal departments do I involve? ,"IT, Data Science, Legal, Finance, Marketing and sales","IT, Data Science","IT, Customer Support and Service, Data Science","Operations, finance","IT, Data Science, Security Operations","IT, Marketing, Product Development","Customer Service, Product Development","IT, Data Science, legal, marketing","IT, Data Management, Legal","IT, Platform Management","IT, Data Management","R&D, Product Development, Data science, Marketing",,,,,,,,,
Which external departments do I address?,"Third-party purchasers, clients, advertising agencies, strategic partners, data brokers","researchers, Clients, business partners, research partners","Third-party providers, Customers and Clients, Business and external partners, External consultants, End-users","consultants, Suppliers","Business partners, data providers, Third-party developers","marketing firms, Advertising agencies, data partners","Customers, service partners","Business partners, clients","government agencies, NGOs","data providers, Developers, Strategic partners","data providers, Developers","Customers, market research firms, Industry partners",,,,,,,,,
How is the distribution done? ,"Direct data transfers, cloud storage, physical media, download links, API access","APIs, Dashboards, Reports, Email services, Mobile apps","APIs, Online platforms, Online services, Mobile apps, Email services","Secure data exchange platforms (including network portals and APIs), online platforms and services, mobile apps, email services","network portals, Secure data exchange platforms, APIs","Data marketplaces, direct sales, Data portals, visual dashboards","service contracts, Direct sales","Secure data exchange platforms, Direct data feeds","Open data portals, websites, applications ","APIs and Online platform, Data marketplaces","APIs, Online platform, Customized client portals","online platforms, Product launch events",,,,,,,,,
What value should be created? ,"Revenue through data sales, extending customer base","enhanced decision-making, Knowledge sharing, data-driven insights","High customer satisfaction, Value through accurate solutions, Enhanced user experience",Cost reduction,"collaborative insights, Enhanced data connectivity,Data-driven decision-making","Improved data usability, Enhanced marketing insights, enhanced marketing campaigns, improved ad targeting","Enhanced customer satisfaction, extended product lifecycles","Enhanced data value, collaborative insights","Data transparency, public awareness",Creating an ecosystem for innovation and enhancing data value,"Actionable insights, improved data usability","Market innovation, enhanced product features, Customer satisfaction",,,,,,,,,
Special requirements ,"Data quality assurance, legal compliance for data ownership and sale, data privacy regulations (e.g., GDPR), secure data transmission","compliance with data privacy laws, statistical software, Data visualization tools, compliance with data security standards,Data Security Measures","Scalable and high-performance query engines, Robust data processing systems, Solution generation tools, NLP tools, Advanced algorithms, Security measures","Advanced sensor networks, real-time monitoring systems","compliance with data sharing agreements, Secure data exchange protocols","Advanced data visualization tools, Advanced data packaging tools, compliance with data privacy regulations, user-friendly interfaces","product-service integration platforms, Service management tools","compliance with regulations, Data security measures","User-friendly access and comprehensive documentation,Open Access Infrastructure and Community Support","Scalable infrastructure with robust security measures, Data privacy policies","robust security measures, Advanced data processing tools","innovation labs, Advanced R&D tools",,,,,,,,,
Should my offer be modifiable? ,Yes,Yes,Yes,Yes,Yes,Yes,Yes,Yes,Yes,Yes,Yes,Yes,,,,,,,,,
What resources are needed? ,"Data scientists, data engineers, legal consultants, secure data storage, API development and maintenance, infrastructure for secure data transfers, cloud hosting services for data distribution.","Data Visualization Platforms, Data Scientists, Research Partnerships, Advanced Analytics Platforms, Real-Time Data Processing","Data scientists, Customer support teams, IT support and infrastructure, Query processing engines, Skilled analysts","consultants, Real-time monitoring systems, skilled analysts","Network infrastructure, secure data exchange tools, Data storage solutions","Data packaging platforms, marketing analysts, marketing teams, Skilled data visualization experts","Service management infrastructure, skilled service engineers","Data exchange platforms, secure data storage, legal expertise","Data servers, data management tools","development tools, Cloud infrastructure","data processing tools, Cloud infrastructure,Skilled data scientists","R&D infrastructure, product development teams",,,,,,,,,
Which customer problems should be solved? ,Data accessibility,"data-driven insights, Lack of insights","Lack of specific data insights, Need for customized solutions, Specific customer queries, Difficulty in data interpretation, Inefficient decision-making",Operational inefficiencies,"lack of data integration, Data fragmentation,Latency issues","ineffective ad targeting, Lack of marketing insights, Data interpretation issues","product maintenance challenges, Service efficiency issues",Data acquisition challenges,Lack of data access,"Data access limitations, application development hurdles","data integration challenges, Data quality issues","Lack of innovative products, unmet customer needs, Efficiency improvements, Predict Future Trends",,,,,,,,,
What type of monetization do I want to pursue? ,"One time sales, Subscription, licencing","per report, Subscription","Pay-per-use, One-time fee, Subscription, Per-query fees, Freemium, Tiered pricing",Cost reduction,"service fees, Subscription, Freemium models","service fees, Subscription","product-service bundles, Service fees","service fees, Data barter",sponsorships *,"Subscription, transaction fees","service fees, Subscription","Product sales, service subscriptions, Licensing models, Freemium",,,,,,,,,
What kind of development are you planning to implement in your organization?,"portals for purchasing data, legal frameworks for data sales, marketing and sales channels for asset sales","Techno-economic Development (TED), Modernized Network Architecture (MNA)",AI-driven Answer Generation,Process Automation Initiatives,"Modernized Network Architecture (MNA), (secure, and efficient data exchange)","Modernized Network Architecture (MNA), (secure, and efficient data exchange)",IoT Integration and Predictive Maintenance Systems,IoT Integration and Predictive Maintenance Systems,Community Data Sharing Platforms,High-Availability Data Platforms,Real-time Data Refinement Systems,Customer-centric Product Development,,,,,,,,,
what analytical are are you willing to enhance in your organization?,"Data curation, data categorization",Data Visualization & Statistical Analysis (DVSA),Data Visualization & Statistical Analysis (DVSA),Cost Efficiency Analytics,Data Traffic Optimization,Data Transformation and Wrapping Algorithms,Service Usage Analytics,Barter Value Assessment Analytics,Open Data Impact Analytics,Platform Reliability Analytics,Data Consistency and Quality Analytics,Product Performance and Adoption Analytics,,,,,,,,,
What data processing capabilities are you planning to implement?,"Data cleansing and organization, storage of large data sets, streamlined data packaging and licensing systems",Enhanced Data Encryption for Secure Information Delivery,Real-time Data Processing (RTDP),Real-time Data Processing (RTDP),Real-time Network Performance Monitoring,Adaptive Data Wrapping Frameworks,Real-time Service Data Processing Pipelines,Secure Data Exchange Protocols,Public Data Repositories with API Access,Multi-Cloud Data Management,Continuous Data Refinement Pipelines,End-to-End Customer Data Processing,,,,,,,,,
What technologies are you planning to implement reduce costs?," cloud storage solutions, scalable data transfer technologies, automated data packaging, secure file-sharing platforms",Edge Computing to Minimize Latency and Costs,Cost-Effective AI Training Pipelines,Advanced Sensor Networks and Real-time Monitoring Systems,Advanced Sensor Networks and Real-time Monitoring Systems,Cost-Efficient Data Packaging Solutions,Predictive Maintenance through IoT Sensors,Blockchain-based Data Trading Platforms,Low-Cost Public Data Management Systems,Cost-Optimization in Data Platform Operations,Efficient Data Cleaning and Refinement Tools,Agile Product Development Tools,,,,,,,,,
,,,,,,,,,,,,,,,,,,,,,
,,,,,,,,,,,,,,,,,,,,,
